Source,Date,Mean
GISTEMP,12/6/2016,0.81
GISTEMP,11/6/2016,0.93
GISTEMP,10/6/2016,0.89
GISTEMP,9/6/2016,0.87
GISTEMP,8/6/2016,0.98
GISTEMP,7/6/2016,0.83
GISTEMP,6/6/2016,0.76
GISTEMP,5/6/2016,0.93
GISTEMP,4/6/2016,1.09
GISTEMP,3/6/2016,1.3
GISTEMP,2/6/2016,1.35
GISTEMP,1/6/2016,1.17
GISTEMP,12/6/2015,1.11
GISTEMP,11/6/2015,1.04
GISTEMP,10/6/2015,1.06
GISTEMP,9/6/2015,0.81
GISTEMP,8/6/2015,0.78
GISTEMP,7/6/2015,0.71
GISTEMP,6/6/2015,0.78
GISTEMP,5/6/2015,0.78
GISTEMP,4/6/2015,0.74
GISTEMP,3/6/2015,0.9
GISTEMP,2/6/2015,0.86
GISTEMP,1/6/2015,0.81
GISTEMP,12/6/2014,0.79
GISTEMP,11/6/2014,0.67
GISTEMP,10/6/2014,0.85
GISTEMP,9/6/2014,0.9
GISTEMP,8/6/2014,0.82
GISTEMP,7/6/2014,0.57
GISTEMP,6/6/2014,0.66
GISTEMP,5/6/2014,0.87
GISTEMP,4/6/2014,0.78
GISTEMP,3/6/2014,0.77
GISTEMP,2/6/2014,0.51
GISTEMP,1/6/2014,0.73
GISTEMP,12/6/2013,0.67
GISTEMP,11/6/2013,0.81
GISTEMP,10/6/2013,0.69
GISTEMP,9/6/2013,0.78
GISTEMP,8/6/2013,0.66
GISTEMP,7/6/2013,0.59
GISTEMP,6/6/2013,0.65
GISTEMP,5/6/2013,0.61
GISTEMP,4/6/2013,0.52
GISTEMP,3/6/2013,0.66
GISTEMP,2/6/2013,0.55
GISTEMP,1/6/2013,0.68
GISTEMP,12/6/2012,0.53
GISTEMP,11/6/2012,0.75
GISTEMP,10/6/2012,0.78
GISTEMP,9/6/2012,0.76
GISTEMP,8/6/2012,0.63
GISTEMP,7/6/2012,0.57
GISTEMP,6/6/2012,0.62
GISTEMP,5/6/2012,0.76
GISTEMP,4/6/2012,0.69
GISTEMP,3/6/2012,0.58
GISTEMP,2/6/2012,0.49
GISTEMP,1/6/2012,0.46
GISTEMP,12/6/2011,0.54
GISTEMP,11/6/2011,0.56
GISTEMP,10/6/2011,0.66
GISTEMP,9/6/2011,0.56
GISTEMP,8/6/2011,0.73
GISTEMP,7/6/2011,0.73
GISTEMP,6/6/2011,0.59
GISTEMP,5/6/2011,0.53
GISTEMP,4/6/2011,0.65
GISTEMP,3/6/2011,0.64
GISTEMP,2/6/2011,0.53
GISTEMP,1/6/2011,0.51
GISTEMP,12/6/2010,0.49
GISTEMP,11/6/2010,0.79
GISTEMP,10/6/2010,0.71
GISTEMP,9/6/2010,0.61
GISTEMP,8/6/2010,0.65
GISTEMP,7/6/2010,0.62
GISTEMP,6/6/2010,0.64
GISTEMP,5/6/2010,0.75
GISTEMP,4/6/2010,0.87
GISTEMP,3/6/2010,0.92
GISTEMP,2/6/2010,0.78
GISTEMP,1/6/2010,0.73
GISTEMP,12/6/2009,0.65
GISTEMP,11/6/2009,0.77
GISTEMP,10/6/2009,0.64
GISTEMP,9/6/2009,0.7
GISTEMP,8/6/2009,0.66
GISTEMP,7/6/2009,0.72
GISTEMP,6/6/2009,0.65
GISTEMP,5/6/2009,0.65
GISTEMP,4/6/2009,0.61
GISTEMP,3/6/2009,0.53
GISTEMP,2/6/2009,0.53
GISTEMP,1/6/2009,0.62
GISTEMP,12/6/2008,0.54
GISTEMP,11/6/2008,0.66
GISTEMP,10/6/2008,0.67
GISTEMP,9/6/2008,0.65
GISTEMP,8/6/2008,0.44
GISTEMP,7/6/2008,0.6
GISTEMP,6/6/2008,0.48
GISTEMP,5/6/2008,0.51
GISTEMP,4/6/2008,0.53
GISTEMP,3/6/2008,0.73
GISTEMP,2/6/2008,0.36
GISTEMP,1/6/2008,0.24
GISTEMP,12/6/2007,0.5
GISTEMP,11/6/2007,0.57
GISTEMP,10/6/2007,0.6
GISTEMP,9/6/2007,0.64
GISTEMP,8/6/2007,0.6
GISTEMP,7/6/2007,0.62
GISTEMP,6/6/2007,0.58
GISTEMP,5/6/2007,0.67
GISTEMP,4/6/2007,0.76
GISTEMP,3/6/2007,0.7
GISTEMP,2/6/2007,0.7
GISTEMP,1/6/2007,0.96
GISTEMP,12/6/2006,0.77
GISTEMP,11/6/2006,0.72
GISTEMP,10/6/2006,0.69
GISTEMP,9/6/2006,0.64
GISTEMP,8/6/2006,0.72
GISTEMP,7/6/2006,0.54
GISTEMP,6/6/2006,0.64
GISTEMP,5/6/2006,0.47
GISTEMP,4/6/2006,0.5
GISTEMP,3/6/2006,0.63
GISTEMP,2/6/2006,0.7
GISTEMP,1/6/2006,0.57
GISTEMP,12/6/2005,0.68
GISTEMP,11/6/2005,0.76
GISTEMP,10/6/2005,0.8
GISTEMP,9/6/2005,0.78
GISTEMP,8/6/2005,0.63
GISTEMP,7/6/2005,0.66
GISTEMP,6/6/2005,0.67
GISTEMP,5/6/2005,0.65
GISTEMP,4/6/2005,0.69
GISTEMP,3/6/2005,0.69
GISTEMP,2/6/2005,0.58
GISTEMP,1/6/2005,0.72
GISTEMP,12/6/2004,0.52
GISTEMP,11/6/2004,0.72
GISTEMP,10/6/2004,0.66
GISTEMP,9/6/2004,0.53
GISTEMP,8/6/2004,0.45
GISTEMP,7/6/2004,0.26
GISTEMP,6/6/2004,0.43
GISTEMP,5/6/2004,0.42
GISTEMP,4/6/2004,0.62
GISTEMP,3/6/2004,0.64
GISTEMP,2/6/2004,0.71
GISTEMP,1/6/2004,0.59
GISTEMP,12/6/2003,0.75
GISTEMP,11/6/2003,0.55
GISTEMP,10/6/2003,0.75
GISTEMP,9/6/2003,0.66
GISTEMP,8/6/2003,0.66
GISTEMP,7/6/2003,0.55
GISTEMP,6/6/2003,0.49
GISTEMP,5/6/2003,0.62
GISTEMP,4/6/2003,0.55
GISTEMP,3/6/2003,0.57
GISTEMP,2/6/2003,0.55
GISTEMP,1/6/2003,0.73
GISTEMP,12/6/2002,0.43
GISTEMP,11/6/2002,0.59
GISTEMP,10/6/2002,0.57
GISTEMP,9/6/2002,0.65
GISTEMP,8/6/2002,0.55
GISTEMP,7/6/2002,0.62
GISTEMP,6/6/2002,0.54
GISTEMP,5/6/2002,0.65
GISTEMP,4/6/2002,0.58
GISTEMP,3/6/2002,0.91
GISTEMP,2/6/2002,0.76
GISTEMP,1/6/2002,0.75
GISTEMP,12/6/2001,0.55
GISTEMP,11/6/2001,0.7
GISTEMP,10/6/2001,0.52
GISTEMP,9/6/2001,0.56
GISTEMP,8/6/2001,0.49
GISTEMP,7/6/2001,0.61
GISTEMP,6/6/2001,0.55
GISTEMP,5/6/2001,0.59
GISTEMP,4/6/2001,0.52
GISTEMP,3/6/2001,0.58
GISTEMP,2/6/2001,0.46
GISTEMP,1/6/2001,0.44
GISTEMP,12/6/2000,0.3
GISTEMP,11/6/2000,0.34
GISTEMP,10/6/2000,0.3
GISTEMP,9/6/2000,0.42
GISTEMP,8/6/2000,0.43
GISTEMP,7/6/2000,0.42
GISTEMP,6/6/2000,0.44
GISTEMP,5/6/2000,0.4
GISTEMP,4/6/2000,0.59
GISTEMP,3/6/2000,0.6
GISTEMP,2/6/2000,0.58
GISTEMP,1/6/2000,0.26
GISTEMP,12/6/1999,0.46
GISTEMP,11/6/1999,0.42
GISTEMP,10/6/1999,0.43
GISTEMP,9/6/1999,0.43
GISTEMP,8/6/1999,0.34
GISTEMP,7/6/1999,0.41
GISTEMP,6/6/1999,0.37
GISTEMP,5/6/1999,0.33
GISTEMP,4/6/1999,0.34
GISTEMP,3/6/1999,0.34
GISTEMP,2/6/1999,0.66
GISTEMP,1/6/1999,0.48
GISTEMP,12/6/1998,0.56
GISTEMP,11/6/1998,0.5
GISTEMP,10/6/1998,0.47
GISTEMP,9/6/1998,0.45
GISTEMP,8/6/1998,0.68
GISTEMP,7/6/1998,0.71
GISTEMP,6/6/1998,0.78
GISTEMP,5/6/1998,0.71
GISTEMP,4/6/1998,0.64
GISTEMP,3/6/1998,0.63
GISTEMP,2/6/1998,0.9
GISTEMP,1/6/1998,0.61
GISTEMP,12/6/1997,0.6
GISTEMP,11/6/1997,0.66
GISTEMP,10/6/1997,0.64
GISTEMP,9/6/1997,0.56
GISTEMP,8/6/1997,0.43
GISTEMP,7/6/1997,0.35
GISTEMP,6/6/1997,0.55
GISTEMP,5/6/1997,0.39
GISTEMP,4/6/1997,0.38
GISTEMP,3/6/1997,0.52
GISTEMP,2/6/1997,0.37
GISTEMP,1/6/1997,0.33
GISTEMP,12/6/1996,0.41
GISTEMP,11/6/1996,0.42
GISTEMP,10/6/1996,0.2
GISTEMP,9/6/1996,0.27
GISTEMP,8/6/1996,0.49
GISTEMP,7/6/1996,0.37
GISTEMP,6/6/1996,0.27
GISTEMP,5/6/1996,0.3
GISTEMP,4/6/1996,0.38
GISTEMP,3/6/1996,0.34
GISTEMP,2/6/1996,0.5
GISTEMP,1/6/1996,0.27
GISTEMP,12/6/1995,0.3
GISTEMP,11/6/1995,0.45
GISTEMP,10/6/1995,0.49
GISTEMP,9/6/1995,0.34
GISTEMP,8/6/1995,0.48
GISTEMP,7/6/1995,0.49
GISTEMP,6/6/1995,0.45
GISTEMP,5/6/1995,0.29
GISTEMP,4/6/1995,0.47
GISTEMP,3/6/1995,0.45
GISTEMP,2/6/1995,0.77
GISTEMP,1/6/1995,0.5
GISTEMP,12/6/1994,0.36
GISTEMP,11/6/1994,0.46
GISTEMP,10/6/1994,0.42
GISTEMP,9/6/1994,0.32
GISTEMP,8/6/1994,0.23
GISTEMP,7/6/1994,0.32
GISTEMP,6/6/1994,0.42
GISTEMP,5/6/1994,0.29
GISTEMP,4/6/1994,0.41
GISTEMP,3/6/1994,0.26
GISTEMP,2/6/1994,0.04
GISTEMP,1/6/1994,0.3
GISTEMP,12/6/1993,0.19
GISTEMP,11/6/1993,0.07
GISTEMP,10/6/1993,0.24
GISTEMP,9/6/1993,0.11
GISTEMP,8/6/1993,0.13
GISTEMP,7/6/1993,0.28
GISTEMP,6/6/1993,0.24
GISTEMP,5/6/1993,0.26
GISTEMP,4/6/1993,0.28
GISTEMP,3/6/1993,0.36
GISTEMP,2/6/1993,0.39
GISTEMP,1/6/1993,0.37
GISTEMP,12/6/1992,0.22
GISTEMP,11/6/1992,0.04
GISTEMP,10/6/1992,0.11
GISTEMP,9/6/1992,0.01
GISTEMP,8/6/1992,0.1
GISTEMP,7/6/1992,0.13
GISTEMP,6/6/1992,0.24
GISTEMP,5/6/1992,0.32
GISTEMP,4/6/1992,0.24
GISTEMP,3/6/1992,0.47
GISTEMP,2/6/1992,0.42
GISTEMP,1/6/1992,0.45
GISTEMP,12/6/1991,0.33
GISTEMP,11/6/1991,0.31
GISTEMP,10/6/1991,0.32
GISTEMP,9/6/1991,0.5
GISTEMP,8/6/1991,0.42
GISTEMP,7/6/1991,0.51
GISTEMP,6/6/1991,0.54
GISTEMP,5/6/1991,0.39
GISTEMP,4/6/1991,0.53
GISTEMP,3/6/1991,0.36
GISTEMP,2/6/1991,0.51
GISTEMP,1/6/1991,0.42
GISTEMP,12/6/1990,0.42
GISTEMP,11/6/1990,0.46
GISTEMP,10/6/1990,0.43
GISTEMP,9/6/1990,0.3
GISTEMP,8/6/1990,0.3
GISTEMP,7/6/1990,0.44
GISTEMP,6/6/1990,0.38
GISTEMP,5/6/1990,0.46
GISTEMP,4/6/1990,0.55
GISTEMP,3/6/1990,0.76
GISTEMP,2/6/1990,0.41
GISTEMP,1/6/1990,0.41
GISTEMP,12/6/1989,0.37
GISTEMP,11/6/1989,0.21
GISTEMP,10/6/1989,0.32
GISTEMP,9/6/1989,0.37
GISTEMP,8/6/1989,0.36
GISTEMP,7/6/1989,0.34
GISTEMP,6/6/1989,0.15
GISTEMP,5/6/1989,0.17
GISTEMP,4/6/1989,0.33
GISTEMP,3/6/1989,0.36
GISTEMP,2/6/1989,0.35
GISTEMP,1/6/1989,0.16
GISTEMP,12/6/1988,0.34
GISTEMP,11/6/1988,0.13
GISTEMP,10/6/1988,0.4
GISTEMP,9/6/1988,0.42
GISTEMP,8/6/1988,0.46
GISTEMP,7/6/1988,0.35
GISTEMP,6/6/1988,0.42
GISTEMP,5/6/1988,0.44
GISTEMP,4/6/1988,0.45
GISTEMP,3/6/1988,0.49
GISTEMP,2/6/1988,0.42
GISTEMP,1/6/1988,0.57
GISTEMP,12/6/1987,0.47
GISTEMP,11/6/1987,0.25
GISTEMP,10/6/1987,0.32
GISTEMP,9/6/1987,0.39
GISTEMP,8/6/1987,0.28
GISTEMP,7/6/1987,0.46
GISTEMP,6/6/1987,0.36
GISTEMP,5/6/1987,0.26
GISTEMP,4/6/1987,0.24
GISTEMP,3/6/1987,0.17
GISTEMP,2/6/1987,0.46
GISTEMP,1/6/1987,0.36
GISTEMP,12/6/1986,0.16
GISTEMP,11/6/1986,0.11
GISTEMP,10/6/1986,0.14
GISTEMP,9/6/1986,0.02
GISTEMP,8/6/1986,0.12
GISTEMP,7/6/1986,0.13
GISTEMP,6/6/1986,0.12
GISTEMP,5/6/1986,0.26
GISTEMP,4/6/1986,0.26
GISTEMP,3/6/1986,0.29
GISTEMP,2/6/1986,0.39
GISTEMP,1/6/1986,0.3
GISTEMP,12/6/1985,0.15
GISTEMP,11/6/1985,0.09
GISTEMP,10/6/1985,0.11
GISTEMP,9/6/1985,0.14
GISTEMP,8/6/1985,0.15
GISTEMP,7/6/1985,0
GISTEMP,6/6/1985,0.17
GISTEMP,5/6/1985,0.17
GISTEMP,4/6/1985,0.11
GISTEMP,3/6/1985,0.17
GISTEMP,2/6/1985,-0.06
GISTEMP,1/6/1985,0.21
GISTEMP,12/6/1984,-0.06
GISTEMP,11/6/1984,0.04
GISTEMP,10/6/1984,0.15
GISTEMP,9/6/1984,0.2
GISTEMP,8/6/1984,0.15
GISTEMP,7/6/1984,0.16
GISTEMP,6/6/1984,0.04
GISTEMP,5/6/1984,0.33
GISTEMP,4/6/1984,0.08
GISTEMP,3/6/1984,0.29
GISTEMP,2/6/1984,0.17
GISTEMP,1/6/1984,0.3
GISTEMP,12/6/1983,0.17
GISTEMP,11/6/1983,0.3
GISTEMP,10/6/1983,0.15
GISTEMP,9/6/1983,0.38
GISTEMP,8/6/1983,0.3
GISTEMP,7/6/1983,0.15
GISTEMP,6/6/1983,0.18
GISTEMP,5/6/1983,0.35
GISTEMP,4/6/1983,0.3
GISTEMP,3/6/1983,0.42
GISTEMP,2/6/1983,0.4
GISTEMP,1/6/1983,0.52
GISTEMP,12/6/1982,0.43
GISTEMP,11/6/1982,0.14
GISTEMP,10/6/1982,0.13
GISTEMP,9/6/1982,0.15
GISTEMP,8/6/1982,0.08
GISTEMP,7/6/1982,0.13
GISTEMP,6/6/1982,0.05
GISTEMP,5/6/1982,0.16
GISTEMP,4/6/1982,0.1
GISTEMP,3/6/1982,-0.01
GISTEMP,2/6/1982,0.14
GISTEMP,1/6/1982,0.09
GISTEMP,12/6/1981,0.4
GISTEMP,11/6/1981,0.21
GISTEMP,10/6/1981,0.13
GISTEMP,9/6/1981,0.17
GISTEMP,8/6/1981,0.35
GISTEMP,7/6/1981,0.35
GISTEMP,6/6/1981,0.31
GISTEMP,5/6/1981,0.25
GISTEMP,4/6/1981,0.32
GISTEMP,3/6/1981,0.48
GISTEMP,2/6/1981,0.41
GISTEMP,1/6/1981,0.56
GISTEMP,12/6/1980,0.21
GISTEMP,11/6/1980,0.3
GISTEMP,10/6/1980,0.2
GISTEMP,9/6/1980,0.21
GISTEMP,8/6/1980,0.24
GISTEMP,7/6/1980,0.28
GISTEMP,6/6/1980,0.16
GISTEMP,5/6/1980,0.34
GISTEMP,4/6/1980,0.32
GISTEMP,3/6/1980,0.29
GISTEMP,2/6/1980,0.42
GISTEMP,1/6/1980,0.3
GISTEMP,12/6/1979,0.47
GISTEMP,11/6/1979,0.29
GISTEMP,10/6/1979,0.26
GISTEMP,9/6/1979,0.27
GISTEMP,8/6/1979,0.14
GISTEMP,7/6/1979,0.03
GISTEMP,6/6/1979,0.14
GISTEMP,5/6/1979,0.06
GISTEMP,4/6/1979,0.13
GISTEMP,3/6/1979,0.19
GISTEMP,2/6/1979,-0.09
GISTEMP,1/6/1979,0.14
GISTEMP,12/6/1978,0.11
GISTEMP,11/6/1978,0.16
GISTEMP,10/6/1978,0
GISTEMP,9/6/1978,0.05
GISTEMP,8/6/1978,-0.18
GISTEMP,7/6/1978,0.07
GISTEMP,6/6/1978,-0.03
GISTEMP,5/6/1978,0.07
GISTEMP,4/6/1978,0.15
GISTEMP,3/6/1978,0.21
GISTEMP,2/6/1978,0.14
GISTEMP,1/6/1978,0.08
GISTEMP,12/6/1977,0.05
GISTEMP,11/6/1977,0.2
GISTEMP,10/6/1977,0.04
GISTEMP,9/6/1977,0.02
GISTEMP,8/6/1977,0.19
GISTEMP,7/6/1977,0.23
GISTEMP,6/6/1977,0.25
GISTEMP,5/6/1977,0.3
GISTEMP,4/6/1977,0.27
GISTEMP,3/6/1977,0.25
GISTEMP,2/6/1977,0.2
GISTEMP,1/6/1977,0.18
GISTEMP,12/6/1976,0.09
GISTEMP,11/6/1976,-0.06
GISTEMP,10/6/1976,-0.26
GISTEMP,9/6/1976,-0.09
GISTEMP,8/6/1976,-0.18
GISTEMP,7/6/1976,-0.12
GISTEMP,6/6/1976,-0.15
GISTEMP,5/6/1976,-0.23
GISTEMP,4/6/1976,-0.1
GISTEMP,3/6/1976,-0.21
GISTEMP,2/6/1976,-0.06
GISTEMP,1/6/1976,0
GISTEMP,12/6/1975,-0.17
GISTEMP,11/6/1975,-0.16
GISTEMP,10/6/1975,-0.09
GISTEMP,9/6/1975,-0.03
GISTEMP,8/6/1975,-0.2
GISTEMP,7/6/1975,-0.03
GISTEMP,6/6/1975,-0.02
GISTEMP,5/6/1975,0.16
GISTEMP,4/6/1975,0.06
GISTEMP,3/6/1975,0.14
GISTEMP,2/6/1975,0.07
GISTEMP,1/6/1975,0.07
GISTEMP,12/6/1974,-0.09
GISTEMP,11/6/1974,-0.07
GISTEMP,10/6/1974,-0.07
GISTEMP,9/6/1974,-0.12
GISTEMP,8/6/1974,0.12
GISTEMP,7/6/1974,-0.03
GISTEMP,6/6/1974,-0.05
GISTEMP,5/6/1974,-0.01
GISTEMP,4/6/1974,-0.1
GISTEMP,3/6/1974,-0.05
GISTEMP,2/6/1974,-0.28
GISTEMP,1/6/1974,-0.14
GISTEMP,12/6/1973,-0.06
GISTEMP,11/6/1973,0.06
GISTEMP,10/6/1973,0.12
GISTEMP,9/6/1973,0.06
GISTEMP,8/6/1973,0.02
GISTEMP,7/6/1973,0.09
GISTEMP,6/6/1973,0.16
GISTEMP,5/6/1973,0.26
GISTEMP,4/6/1973,0.25
GISTEMP,3/6/1973,0.26
GISTEMP,2/6/1973,0.3
GISTEMP,1/6/1973,0.28
GISTEMP,12/6/1972,0.18
GISTEMP,11/6/1972,0.03
GISTEMP,10/6/1972,0.09
GISTEMP,9/6/1972,0.03
GISTEMP,8/6/1972,0.18
GISTEMP,7/6/1972,0.02
GISTEMP,6/6/1972,0.04
GISTEMP,5/6/1972,-0.03
GISTEMP,4/6/1972,-0.01
GISTEMP,3/6/1972,0.02
GISTEMP,2/6/1972,-0.17
GISTEMP,1/6/1972,-0.24
GISTEMP,12/6/1971,-0.08
GISTEMP,11/6/1971,-0.04
GISTEMP,10/6/1971,-0.05
GISTEMP,9/6/1971,-0.01
GISTEMP,8/6/1971,-0.03
GISTEMP,7/6/1971,-0.12
GISTEMP,6/6/1971,-0.18
GISTEMP,5/6/1971,-0.06
GISTEMP,4/6/1971,-0.09
GISTEMP,3/6/1971,-0.18
GISTEMP,2/6/1971,-0.2
GISTEMP,1/6/1971,-0.02
GISTEMP,12/6/1970,-0.13
GISTEMP,11/6/1970,0.01
GISTEMP,10/6/1970,0.05
GISTEMP,9/6/1970,0.11
GISTEMP,8/6/1970,-0.11
GISTEMP,7/6/1970,-0.04
GISTEMP,6/6/1970,-0.03
GISTEMP,5/6/1970,-0.05
GISTEMP,4/6/1970,0.09
GISTEMP,3/6/1970,0.08
GISTEMP,2/6/1970,0.22
GISTEMP,1/6/1970,0.09
GISTEMP,12/6/1969,0.27
GISTEMP,11/6/1969,0.12
GISTEMP,10/6/1969,0.11
GISTEMP,9/6/1969,0.1
GISTEMP,8/6/1969,0.03
GISTEMP,7/6/1969,-0.01
GISTEMP,6/6/1969,0.05
GISTEMP,5/6/1969,0.2
GISTEMP,4/6/1969,0.19
GISTEMP,3/6/1969,0
GISTEMP,2/6/1969,-0.14
GISTEMP,1/6/1969,-0.11
GISTEMP,12/6/1968,-0.14
GISTEMP,11/6/1968,-0.04
GISTEMP,10/6/1968,0.12
GISTEMP,9/6/1968,-0.18
GISTEMP,8/6/1968,-0.11
GISTEMP,7/6/1968,-0.11
GISTEMP,6/6/1968,-0.06
GISTEMP,5/6/1968,-0.1
GISTEMP,4/6/1968,-0.05
GISTEMP,3/6/1968,0.21
GISTEMP,2/6/1968,-0.15
GISTEMP,1/6/1968,-0.23
GISTEMP,12/6/1967,-0.02
GISTEMP,11/6/1967,-0.06
GISTEMP,10/6/1967,0.06
GISTEMP,9/6/1967,-0.04
GISTEMP,8/6/1967,0.02
GISTEMP,7/6/1967,0.01
GISTEMP,6/6/1967,-0.08
GISTEMP,5/6/1967,0.14
GISTEMP,4/6/1967,-0.05
GISTEMP,3/6/1967,0.03
GISTEMP,2/6/1967,-0.2
GISTEMP,1/6/1967,-0.06
GISTEMP,12/6/1966,-0.06
GISTEMP,11/6/1966,-0.02
GISTEMP,10/6/1966,-0.15
GISTEMP,9/6/1966,-0.01
GISTEMP,8/6/1966,-0.1
GISTEMP,7/6/1966,0.09
GISTEMP,6/6/1966,0.02
GISTEMP,5/6/1966,-0.1
GISTEMP,4/6/1966,-0.13
GISTEMP,3/6/1966,0.04
GISTEMP,2/6/1966,0
GISTEMP,1/6/1966,-0.16
GISTEMP,12/6/1965,-0.05
GISTEMP,11/6/1965,-0.06
GISTEMP,10/6/1965,-0.04
GISTEMP,9/6/1965,-0.15
GISTEMP,8/6/1965,-0.01
GISTEMP,7/6/1965,-0.12
GISTEMP,6/6/1965,-0.08
GISTEMP,5/6/1965,-0.14
GISTEMP,4/6/1965,-0.2
GISTEMP,3/6/1965,-0.11
GISTEMP,2/6/1965,-0.17
GISTEMP,1/6/1965,-0.09
GISTEMP,12/6/1964,-0.3
GISTEMP,11/6/1964,-0.21
GISTEMP,10/6/1964,-0.3
GISTEMP,9/6/1964,-0.28
GISTEMP,8/6/1964,-0.2
GISTEMP,7/6/1964,-0.07
GISTEMP,6/6/1964,-0.07
GISTEMP,5/6/1964,-0.25
GISTEMP,4/6/1964,-0.3
GISTEMP,3/6/1964,-0.22
GISTEMP,2/6/1964,-0.12
GISTEMP,1/6/1964,-0.06
GISTEMP,12/6/1963,0
GISTEMP,11/6/1963,0.15
GISTEMP,10/6/1963,0.15
GISTEMP,9/6/1963,0.2
GISTEMP,8/6/1963,0.25
GISTEMP,7/6/1963,0.08
GISTEMP,6/6/1963,0.03
GISTEMP,5/6/1963,-0.09
GISTEMP,4/6/1963,-0.05
GISTEMP,3/6/1963,-0.13
GISTEMP,2/6/1963,0.19
GISTEMP,1/6/1963,-0.03
GISTEMP,12/6/1962,-0.01
GISTEMP,11/6/1962,0.06
GISTEMP,10/6/1962,-0.03
GISTEMP,9/6/1962,-0.01
GISTEMP,8/6/1962,-0.02
GISTEMP,7/6/1962,-0.02
GISTEMP,6/6/1962,0.06
GISTEMP,5/6/1962,-0.06
GISTEMP,4/6/1962,0.05
GISTEMP,3/6/1962,0.12
GISTEMP,2/6/1962,0.14
GISTEMP,1/6/1962,0.08
GISTEMP,12/6/1961,-0.15
GISTEMP,11/6/1961,0.03
GISTEMP,10/6/1961,0
GISTEMP,9/6/1961,0.05
GISTEMP,8/6/1961,0.02
GISTEMP,7/6/1961,-0.03
GISTEMP,6/6/1961,0.12
GISTEMP,5/6/1961,0.13
GISTEMP,4/6/1961,0.15
GISTEMP,3/6/1961,0.09
GISTEMP,2/6/1961,0.18
GISTEMP,1/6/1961,0.07
GISTEMP,12/6/1960,0.18
GISTEMP,11/6/1960,-0.11
GISTEMP,10/6/1960,0.07
GISTEMP,9/6/1960,0.05
GISTEMP,8/6/1960,-0.01
GISTEMP,7/6/1960,-0.02
GISTEMP,6/6/1960,0.01
GISTEMP,5/6/1960,-0.08
GISTEMP,4/6/1960,-0.16
GISTEMP,3/6/1960,-0.36
GISTEMP,2/6/1960,0.14
GISTEMP,1/6/1960,-0.01
GISTEMP,12/6/1959,-0.03
GISTEMP,11/6/1959,-0.09
GISTEMP,10/6/1959,-0.09
GISTEMP,9/6/1959,-0.06
GISTEMP,8/6/1959,-0.01
GISTEMP,7/6/1959,0.06
GISTEMP,6/6/1959,0.02
GISTEMP,5/6/1959,0.06
GISTEMP,4/6/1959,0.16
GISTEMP,3/6/1959,0.19
GISTEMP,2/6/1959,0.09
GISTEMP,1/6/1959,0.06
GISTEMP,12/6/1958,0.01
GISTEMP,11/6/1958,0.02
GISTEMP,10/6/1958,0.04
GISTEMP,9/6/1958,-0.03
GISTEMP,8/6/1958,-0.06
GISTEMP,7/6/1958,0.06
GISTEMP,6/6/1958,-0.05
GISTEMP,5/6/1958,0.08
GISTEMP,4/6/1958,0.01
GISTEMP,3/6/1958,0.1
GISTEMP,2/6/1958,0.24
GISTEMP,1/6/1958,0.39
GISTEMP,12/6/1957,0.16
GISTEMP,11/6/1957,0.07
GISTEMP,10/6/1957,0.01
GISTEMP,9/6/1957,0.06
GISTEMP,8/6/1957,0.14
GISTEMP,7/6/1957,0.01
GISTEMP,6/6/1957,0.16
GISTEMP,5/6/1957,0.08
GISTEMP,4/6/1957,-0.04
GISTEMP,3/6/1957,-0.05
GISTEMP,2/6/1957,-0.05
GISTEMP,1/6/1957,-0.14
GISTEMP,12/6/1956,-0.1
GISTEMP,11/6/1956,-0.17
GISTEMP,10/6/1956,-0.24
GISTEMP,9/6/1956,-0.22
GISTEMP,8/6/1956,-0.25
GISTEMP,7/6/1956,-0.12
GISTEMP,6/6/1956,-0.15
GISTEMP,5/6/1956,-0.28
GISTEMP,4/6/1956,-0.26
GISTEMP,3/6/1956,-0.23
GISTEMP,2/6/1956,-0.25
GISTEMP,1/6/1956,-0.17
GISTEMP,12/6/1955,-0.32
GISTEMP,11/6/1955,-0.28
GISTEMP,10/6/1955,-0.05
GISTEMP,9/6/1955,-0.13
GISTEMP,8/6/1955,0.04
GISTEMP,7/6/1955,-0.09
GISTEMP,6/6/1955,-0.08
GISTEMP,5/6/1955,-0.2
GISTEMP,4/6/1955,-0.23
GISTEMP,3/6/1955,-0.36
GISTEMP,2/6/1955,-0.21
GISTEMP,1/6/1955,0.11
GISTEMP,12/6/1954,-0.18
GISTEMP,11/6/1954,0.08
GISTEMP,10/6/1954,-0.01
GISTEMP,9/6/1954,-0.07
GISTEMP,8/6/1954,-0.13
GISTEMP,7/6/1954,-0.16
GISTEMP,6/6/1954,-0.16
GISTEMP,5/6/1954,-0.2
GISTEMP,4/6/1954,-0.18
GISTEMP,3/6/1954,-0.12
GISTEMP,2/6/1954,-0.1
GISTEMP,1/6/1954,-0.28
GISTEMP,12/6/1953,0.03
GISTEMP,11/6/1953,-0.05
GISTEMP,10/6/1953,0.05
GISTEMP,9/6/1953,0.06
GISTEMP,8/6/1953,0.08
GISTEMP,7/6/1953,0.02
GISTEMP,6/6/1953,0.08
GISTEMP,5/6/1953,0.08
GISTEMP,4/6/1953,0.2
GISTEMP,3/6/1953,0.11
GISTEMP,2/6/1953,0.16
GISTEMP,1/6/1953,0.09
GISTEMP,12/6/1952,-0.02
GISTEMP,11/6/1952,-0.17
GISTEMP,10/6/1952,-0.04
GISTEMP,9/6/1952,0.08
GISTEMP,8/6/1952,0.07
GISTEMP,7/6/1952,0.05
GISTEMP,6/6/1952,-0.04
GISTEMP,5/6/1952,-0.05
GISTEMP,4/6/1952,0.02
GISTEMP,3/6/1952,-0.1
GISTEMP,2/6/1952,0.12
GISTEMP,1/6/1952,0.16
GISTEMP,12/6/1951,0.15
GISTEMP,11/6/1951,0
GISTEMP,10/6/1951,0.06
GISTEMP,9/6/1951,0.07
GISTEMP,8/6/1951,0.05
GISTEMP,7/6/1951,0
GISTEMP,6/6/1951,-0.05
GISTEMP,5/6/1951,-0.02
GISTEMP,4/6/1951,-0.1
GISTEMP,3/6/1951,-0.19
GISTEMP,2/6/1951,-0.44
GISTEMP,1/6/1951,-0.35
GISTEMP,12/6/1950,-0.2
GISTEMP,11/6/1950,-0.35
GISTEMP,10/6/1950,-0.2
GISTEMP,9/6/1950,-0.1
GISTEMP,8/6/1950,-0.18
GISTEMP,7/6/1950,-0.09
GISTEMP,6/6/1950,-0.06
GISTEMP,5/6/1950,-0.12
GISTEMP,4/6/1950,-0.21
GISTEMP,3/6/1950,-0.06
GISTEMP,2/6/1950,-0.26
GISTEMP,1/6/1950,-0.3
GISTEMP,12/6/1949,-0.19
GISTEMP,11/6/1949,-0.08
GISTEMP,10/6/1949,-0.03
GISTEMP,9/6/1949,-0.08
GISTEMP,8/6/1949,-0.08
GISTEMP,7/6/1949,-0.13
GISTEMP,6/6/1949,-0.22
GISTEMP,5/6/1949,-0.09
GISTEMP,4/6/1949,-0.07
GISTEMP,3/6/1949,-0.01
GISTEMP,2/6/1949,-0.16
GISTEMP,1/6/1949,0.09
GISTEMP,12/6/1948,-0.23
GISTEMP,11/6/1948,-0.08
GISTEMP,10/6/1948,-0.07
GISTEMP,9/6/1948,-0.1
GISTEMP,8/6/1948,-0.1
GISTEMP,7/6/1948,-0.13
GISTEMP,6/6/1948,-0.05
GISTEMP,5/6/1948,0.08
GISTEMP,4/6/1948,-0.09
GISTEMP,3/6/1948,-0.23
GISTEMP,2/6/1948,-0.13
GISTEMP,1/6/1948,0.05
GISTEMP,12/6/1947,-0.18
GISTEMP,11/6/1947,-0.01
GISTEMP,10/6/1947,0.06
GISTEMP,9/6/1947,-0.14
GISTEMP,8/6/1947,-0.08
GISTEMP,7/6/1947,-0.06
GISTEMP,6/6/1947,0
GISTEMP,5/6/1947,-0.06
GISTEMP,4/6/1947,0.04
GISTEMP,3/6/1947,0.05
GISTEMP,2/6/1947,-0.08
GISTEMP,1/6/1947,-0.13
GISTEMP,12/6/1946,-0.29
GISTEMP,11/6/1946,-0.02
GISTEMP,10/6/1946,-0.06
GISTEMP,9/6/1946,-0.02
GISTEMP,8/6/1946,-0.08
GISTEMP,7/6/1946,-0.09
GISTEMP,6/6/1946,-0.17
GISTEMP,5/6/1946,-0.04
GISTEMP,4/6/1946,0.11
GISTEMP,3/6/1946,0
GISTEMP,2/6/1946,0.06
GISTEMP,1/6/1946,0.15
GISTEMP,12/6/1945,-0.1
GISTEMP,11/6/1945,0.1
GISTEMP,10/6/1945,0.22
GISTEMP,9/6/1945,0.22
GISTEMP,8/6/1945,0.25
GISTEMP,7/6/1945,0.07
GISTEMP,6/6/1945,0.02
GISTEMP,5/6/1945,0.1
GISTEMP,4/6/1945,0.24
GISTEMP,3/6/1945,0.11
GISTEMP,2/6/1945,0.02
GISTEMP,1/6/1945,0.13
GISTEMP,12/6/1944,0.05
GISTEMP,11/6/1944,0.12
GISTEMP,10/6/1944,0.27
GISTEMP,9/6/1944,0.31
GISTEMP,8/6/1944,0.23
GISTEMP,7/6/1944,0.23
GISTEMP,6/6/1944,0.22
GISTEMP,5/6/1944,0.26
GISTEMP,4/6/1944,0.27
GISTEMP,3/6/1944,0.34
GISTEMP,2/6/1944,0.31
GISTEMP,1/6/1944,0.41
GISTEMP,12/6/1943,0.28
GISTEMP,11/6/1943,0.25
GISTEMP,10/6/1943,0.3
GISTEMP,9/6/1943,0.11
GISTEMP,8/6/1943,0.03
GISTEMP,7/6/1943,0.14
GISTEMP,6/6/1943,-0.01
GISTEMP,5/6/1943,0.1
GISTEMP,4/6/1943,0.13
GISTEMP,3/6/1943,0.01
GISTEMP,2/6/1943,0.22
GISTEMP,1/6/1943,-0.01
GISTEMP,12/6/1942,0.12
GISTEMP,11/6/1942,0.13
GISTEMP,10/6/1942,0.06
GISTEMP,9/6/1942,0
GISTEMP,8/6/1942,-0.03
GISTEMP,7/6/1942,0.02
GISTEMP,6/6/1942,0.11
GISTEMP,5/6/1942,0.14
GISTEMP,4/6/1942,0.14
GISTEMP,3/6/1942,0.13
GISTEMP,2/6/1942,0.05
GISTEMP,1/6/1942,0.26
GISTEMP,12/6/1941,0.14
GISTEMP,11/6/1941,0.12
GISTEMP,10/6/1941,0.24
GISTEMP,9/6/1941,0.02
GISTEMP,8/6/1941,0.14
GISTEMP,7/6/1941,0.15
GISTEMP,6/6/1941,0.04
GISTEMP,5/6/1941,0.1
GISTEMP,4/6/1941,0.11
GISTEMP,3/6/1941,0.06
GISTEMP,2/6/1941,0.23
GISTEMP,1/6/1941,0.13
GISTEMP,12/6/1940,0.19
GISTEMP,11/6/1940,0.13
GISTEMP,10/6/1940,0.07
GISTEMP,9/6/1940,0.12
GISTEMP,8/6/1940,0.01
GISTEMP,7/6/1940,0.1
GISTEMP,6/6/1940,0.05
GISTEMP,5/6/1940,0.05
GISTEMP,4/6/1940,0.16
GISTEMP,3/6/1940,0.12
GISTEMP,2/6/1940,0.06
GISTEMP,1/6/1940,-0.15
GISTEMP,12/6/1939,0.4
GISTEMP,11/6/1939,0.06
GISTEMP,10/6/1939,-0.03
GISTEMP,9/6/1939,0
GISTEMP,8/6/1939,-0.05
GISTEMP,7/6/1939,-0.06
GISTEMP,6/6/1939,-0.08
GISTEMP,5/6/1939,-0.07
GISTEMP,4/6/1939,-0.12
GISTEMP,3/6/1939,-0.2
GISTEMP,2/6/1939,-0.12
GISTEMP,1/6/1939,-0.13
GISTEMP,12/6/1938,-0.26
GISTEMP,11/6/1938,0.01
GISTEMP,10/6/1938,0.11
GISTEMP,9/6/1938,0.03
GISTEMP,8/6/1938,-0.04
GISTEMP,7/6/1938,-0.09
GISTEMP,6/6/1938,-0.17
GISTEMP,5/6/1938,-0.07
GISTEMP,4/6/1938,0.05
GISTEMP,3/6/1938,0.05
GISTEMP,2/6/1938,-0.04
GISTEMP,1/6/1938,0
GISTEMP,12/6/1937,-0.12
GISTEMP,11/6/1937,0.09
GISTEMP,10/6/1937,0.1
GISTEMP,9/6/1937,0.14
GISTEMP,8/6/1937,0.03
GISTEMP,7/6/1937,-0.05
GISTEMP,6/6/1937,-0.08
GISTEMP,5/6/1937,-0.07
GISTEMP,4/6/1937,-0.17
GISTEMP,3/6/1937,-0.17
GISTEMP,2/6/1937,0.05
GISTEMP,1/6/1937,-0.11
GISTEMP,12/6/1936,-0.04
GISTEMP,11/6/1936,-0.05
GISTEMP,10/6/1936,-0.04
GISTEMP,9/6/1936,-0.06
GISTEMP,8/6/1936,-0.12
GISTEMP,7/6/1936,-0.06
GISTEMP,6/6/1936,-0.19
GISTEMP,5/6/1936,-0.17
GISTEMP,4/6/1936,-0.2
GISTEMP,3/6/1936,-0.23
GISTEMP,2/6/1936,-0.39
GISTEMP,1/6/1936,-0.29
GISTEMP,12/6/1935,-0.22
GISTEMP,11/6/1935,-0.29
GISTEMP,10/6/1935,-0.08
GISTEMP,9/6/1935,-0.17
GISTEMP,8/6/1935,-0.17
GISTEMP,7/6/1935,-0.19
GISTEMP,6/6/1935,-0.23
GISTEMP,5/6/1935,-0.26
GISTEMP,4/6/1935,-0.35
GISTEMP,3/6/1935,-0.13
GISTEMP,2/6/1935,0.11
GISTEMP,1/6/1935,-0.37
GISTEMP,12/6/1934,-0.09
GISTEMP,11/6/1934,-0.01
GISTEMP,10/6/1934,-0.11
GISTEMP,9/6/1934,-0.16
GISTEMP,8/6/1934,-0.1
GISTEMP,7/6/1934,-0.11
GISTEMP,6/6/1934,-0.14
GISTEMP,5/6/1934,-0.11
GISTEMP,4/6/1934,-0.27
GISTEMP,3/6/1934,-0.31
GISTEMP,2/6/1934,-0.04
GISTEMP,1/6/1934,-0.27
GISTEMP,12/6/1933,-0.47
GISTEMP,11/6/1933,-0.31
GISTEMP,10/6/1933,-0.24
GISTEMP,9/6/1933,-0.26
GISTEMP,8/6/1933,-0.23
GISTEMP,7/6/1933,-0.2
GISTEMP,6/6/1933,-0.32
GISTEMP,5/6/1933,-0.25
GISTEMP,4/6/1933,-0.23
GISTEMP,3/6/1933,-0.29
GISTEMP,2/6/1933,-0.32
GISTEMP,1/6/1933,-0.34
GISTEMP,12/6/1932,-0.22
GISTEMP,11/6/1932,-0.26
GISTEMP,10/6/1932,-0.1
GISTEMP,9/6/1932,-0.11
GISTEMP,8/6/1932,-0.24
GISTEMP,7/6/1932,-0.24
GISTEMP,6/6/1932,-0.3
GISTEMP,5/6/1932,-0.22
GISTEMP,4/6/1932,-0.07
GISTEMP,3/6/1932,-0.2
GISTEMP,2/6/1932,-0.18
GISTEMP,1/6/1932,0.13
GISTEMP,12/6/1931,-0.1
GISTEMP,11/6/1931,-0.12
GISTEMP,10/6/1931,0
GISTEMP,9/6/1931,-0.06
GISTEMP,8/6/1931,0
GISTEMP,7/6/1931,0.01
GISTEMP,6/6/1931,-0.06
GISTEMP,5/6/1931,-0.22
GISTEMP,4/6/1931,-0.21
GISTEMP,3/6/1931,-0.06
GISTEMP,2/6/1931,-0.22
GISTEMP,1/6/1931,-0.1
GISTEMP,12/6/1930,-0.09
GISTEMP,11/6/1930,0.14
GISTEMP,10/6/1930,-0.08
GISTEMP,9/6/1930,-0.11
GISTEMP,8/6/1930,-0.11
GISTEMP,7/6/1930,-0.17
GISTEMP,6/6/1930,-0.19
GISTEMP,5/6/1930,-0.25
GISTEMP,4/6/1930,-0.26
GISTEMP,3/6/1930,-0.08
GISTEMP,2/6/1930,-0.24
GISTEMP,1/6/1930,-0.29
GISTEMP,12/6/1929,-0.55
GISTEMP,11/6/1929,-0.14
GISTEMP,10/6/1929,-0.15
GISTEMP,9/6/1929,-0.23
GISTEMP,8/6/1929,-0.29
GISTEMP,7/6/1929,-0.33
GISTEMP,6/6/1929,-0.43
GISTEMP,5/6/1929,-0.39
GISTEMP,4/6/1929,-0.4
GISTEMP,3/6/1929,-0.34
GISTEMP,2/6/1929,-0.61
GISTEMP,1/6/1929,-0.47
GISTEMP,12/6/1928,-0.2
GISTEMP,11/6/1928,-0.09
GISTEMP,10/6/1928,-0.19
GISTEMP,9/6/1928,-0.2
GISTEMP,8/6/1928,-0.25
GISTEMP,7/6/1928,-0.21
GISTEMP,6/6/1928,-0.41
GISTEMP,5/6/1928,-0.3
GISTEMP,4/6/1928,-0.29
GISTEMP,3/6/1928,-0.28
GISTEMP,2/6/1928,-0.12
GISTEMP,1/6/1928,-0.04
GISTEMP,12/6/1927,-0.36
GISTEMP,11/6/1927,-0.04
GISTEMP,10/6/1927,-0.01
GISTEMP,9/6/1927,-0.06
GISTEMP,8/6/1927,-0.19
GISTEMP,7/6/1927,-0.15
GISTEMP,6/6/1927,-0.27
GISTEMP,5/6/1927,-0.25
GISTEMP,4/6/1927,-0.31
GISTEMP,3/6/1927,-0.39
GISTEMP,2/6/1927,-0.21
GISTEMP,1/6/1927,-0.28
GISTEMP,12/6/1926,-0.3
GISTEMP,11/6/1926,-0.06
GISTEMP,10/6/1926,-0.11
GISTEMP,9/6/1926,-0.11
GISTEMP,8/6/1926,-0.11
GISTEMP,7/6/1926,-0.21
GISTEMP,6/6/1926,-0.25
GISTEMP,5/6/1926,-0.25
GISTEMP,4/6/1926,-0.15
GISTEMP,3/6/1926,0.12
GISTEMP,2/6/1926,0.07
GISTEMP,1/6/1926,0.2
GISTEMP,12/6/1925,0.11
GISTEMP,11/6/1925,0.03
GISTEMP,10/6/1925,-0.17
GISTEMP,9/6/1925,-0.13
GISTEMP,8/6/1925,-0.19
GISTEMP,7/6/1925,-0.3
GISTEMP,6/6/1925,-0.34
GISTEMP,5/6/1925,-0.3
GISTEMP,4/6/1925,-0.25
GISTEMP,3/6/1925,-0.24
GISTEMP,2/6/1925,-0.35
GISTEMP,1/6/1925,-0.34
GISTEMP,12/6/1924,-0.43
GISTEMP,11/6/1924,-0.23
GISTEMP,10/6/1924,-0.36
GISTEMP,9/6/1924,-0.3
GISTEMP,8/6/1924,-0.35
GISTEMP,7/6/1924,-0.27
GISTEMP,6/6/1924,-0.28
GISTEMP,5/6/1924,-0.19
GISTEMP,4/6/1924,-0.35
GISTEMP,3/6/1924,-0.12
GISTEMP,2/6/1924,-0.27
GISTEMP,1/6/1924,-0.24
GISTEMP,12/6/1923,-0.06
GISTEMP,11/6/1923,0.03
GISTEMP,10/6/1923,-0.13
GISTEMP,9/6/1923,-0.28
GISTEMP,8/6/1923,-0.3
GISTEMP,7/6/1923,-0.29
GISTEMP,6/6/1923,-0.24
GISTEMP,5/6/1923,-0.33
GISTEMP,4/6/1923,-0.38
GISTEMP,3/6/1923,-0.32
GISTEMP,2/6/1923,-0.37
GISTEMP,1/6/1923,-0.27
GISTEMP,12/6/1922,-0.17
GISTEMP,11/6/1922,-0.17
GISTEMP,10/6/1922,-0.33
GISTEMP,9/6/1922,-0.29
GISTEMP,8/6/1922,-0.31
GISTEMP,7/6/1922,-0.27
GISTEMP,6/6/1922,-0.32
GISTEMP,5/6/1922,-0.34
GISTEMP,4/6/1922,-0.22
GISTEMP,3/6/1922,-0.13
GISTEMP,2/6/1922,-0.44
GISTEMP,1/6/1922,-0.34
GISTEMP,12/6/1921,-0.18
GISTEMP,11/6/1921,-0.16
GISTEMP,10/6/1921,-0.06
GISTEMP,9/6/1921,-0.16
GISTEMP,8/6/1921,-0.24
GISTEMP,7/6/1921,-0.16
GISTEMP,6/6/1921,-0.31
GISTEMP,5/6/1921,-0.36
GISTEMP,4/6/1921,-0.36
GISTEMP,3/6/1921,-0.28
GISTEMP,2/6/1921,-0.21
GISTEMP,1/6/1921,-0.04
GISTEMP,12/6/1920,-0.47
GISTEMP,11/6/1920,-0.33
GISTEMP,10/6/1920,-0.29
GISTEMP,9/6/1920,-0.2
GISTEMP,8/6/1920,-0.29
GISTEMP,7/6/1920,-0.32
GISTEMP,6/6/1920,-0.33
GISTEMP,5/6/1920,-0.26
GISTEMP,4/6/1920,-0.26
GISTEMP,3/6/1920,-0.08
GISTEMP,2/6/1920,-0.22
GISTEMP,1/6/1920,-0.15
GISTEMP,12/6/1919,-0.35
GISTEMP,11/6/1919,-0.29
GISTEMP,10/6/1919,-0.16
GISTEMP,9/6/1919,-0.17
GISTEMP,8/6/1919,-0.19
GISTEMP,7/6/1919,-0.21
GISTEMP,6/6/1919,-0.28
GISTEMP,5/6/1919,-0.2
GISTEMP,4/6/1919,-0.17
GISTEMP,3/6/1919,-0.25
GISTEMP,2/6/1919,-0.19
GISTEMP,1/6/1919,-0.21
GISTEMP,12/6/1918,-0.3
GISTEMP,11/6/1918,-0.16
GISTEMP,10/6/1918,-0.03
GISTEMP,9/6/1918,-0.14
GISTEMP,8/6/1918,-0.26
GISTEMP,7/6/1918,-0.22
GISTEMP,6/6/1918,-0.28
GISTEMP,5/6/1918,-0.37
GISTEMP,4/6/1918,-0.4
GISTEMP,3/6/1918,-0.21
GISTEMP,2/6/1918,-0.33
GISTEMP,1/6/1918,-0.44
GISTEMP,12/6/1917,-0.71
GISTEMP,11/6/1917,-0.29
GISTEMP,10/6/1917,-0.35
GISTEMP,9/6/1917,-0.18
GISTEMP,8/6/1917,-0.26
GISTEMP,7/6/1917,-0.23
GISTEMP,6/6/1917,-0.4
GISTEMP,5/6/1917,-0.48
GISTEMP,4/6/1917,-0.38
GISTEMP,3/6/1917,-0.47
GISTEMP,2/6/1917,-0.53
GISTEMP,1/6/1917,-0.46
GISTEMP,12/6/1916,-0.78
GISTEMP,11/6/1916,-0.42
GISTEMP,10/6/1916,-0.28
GISTEMP,9/6/1916,-0.29
GISTEMP,8/6/1916,-0.27
GISTEMP,7/6/1916,-0.34
GISTEMP,6/6/1916,-0.44
GISTEMP,5/6/1916,-0.27
GISTEMP,4/6/1916,-0.25
GISTEMP,3/6/1916,-0.31
GISTEMP,2/6/1916,-0.23
GISTEMP,1/6/1916,-0.2
GISTEMP,12/6/1915,-0.25
GISTEMP,11/6/1915,-0.12
GISTEMP,10/6/1915,-0.22
GISTEMP,9/6/1915,-0.12
GISTEMP,8/6/1915,-0.15
GISTEMP,7/6/1915,-0.03
GISTEMP,6/6/1915,-0.16
GISTEMP,5/6/1915,-0.01
GISTEMP,4/6/1915,0.07
GISTEMP,3/6/1915,-0.08
GISTEMP,2/6/1915,-0.01
GISTEMP,1/6/1915,-0.2
GISTEMP,12/6/1914,-0.1
GISTEMP,11/6/1914,-0.2
GISTEMP,10/6/1914,-0.05
GISTEMP,9/6/1914,-0.13
GISTEMP,8/6/1914,-0.15
GISTEMP,7/6/1914,-0.24
GISTEMP,6/6/1914,-0.22
GISTEMP,5/6/1914,-0.19
GISTEMP,4/6/1914,-0.28
GISTEMP,3/6/1914,-0.23
GISTEMP,2/6/1914,-0.13
GISTEMP,1/6/1914,0.02
GISTEMP,12/6/1913,-0.04
GISTEMP,11/6/1913,-0.18
GISTEMP,10/6/1913,-0.34
GISTEMP,9/6/1913,-0.32
GISTEMP,8/6/1913,-0.32
GISTEMP,7/6/1913,-0.34
GISTEMP,6/6/1913,-0.46
GISTEMP,5/6/1913,-0.45
GISTEMP,4/6/1913,-0.36
GISTEMP,3/6/1913,-0.44
GISTEMP,2/6/1913,-0.44
GISTEMP,1/6/1913,-0.41
GISTEMP,12/6/1912,-0.42
GISTEMP,11/6/1912,-0.38
GISTEMP,10/6/1912,-0.55
GISTEMP,9/6/1912,-0.47
GISTEMP,8/6/1912,-0.51
GISTEMP,7/6/1912,-0.41
GISTEMP,6/6/1912,-0.26
GISTEMP,5/6/1912,-0.2
GISTEMP,4/6/1912,-0.2
GISTEMP,3/6/1912,-0.37
GISTEMP,2/6/1912,-0.13
GISTEMP,1/6/1912,-0.27
GISTEMP,12/6/1911,-0.25
GISTEMP,11/6/1911,-0.2
GISTEMP,10/6/1911,-0.26
GISTEMP,9/6/1911,-0.38
GISTEMP,8/6/1911,-0.43
GISTEMP,7/6/1911,-0.41
GISTEMP,6/6/1911,-0.47
GISTEMP,5/6/1911,-0.51
GISTEMP,4/6/1911,-0.55
GISTEMP,3/6/1911,-0.62
GISTEMP,2/6/1911,-0.6
GISTEMP,1/6/1911,-0.64
GISTEMP,12/6/1910,-0.69
GISTEMP,11/6/1910,-0.56
GISTEMP,10/6/1910,-0.39
GISTEMP,9/6/1910,-0.37
GISTEMP,8/6/1910,-0.34
GISTEMP,7/6/1910,-0.31
GISTEMP,6/6/1910,-0.36
GISTEMP,5/6/1910,-0.34
GISTEMP,4/6/1910,-0.39
GISTEMP,3/6/1910,-0.47
GISTEMP,2/6/1910,-0.43
GISTEMP,1/6/1910,-0.44
GISTEMP,12/6/1909,-0.55
GISTEMP,11/6/1909,-0.31
GISTEMP,10/6/1909,-0.39
GISTEMP,9/6/1909,-0.37
GISTEMP,8/6/1909,-0.3
GISTEMP,7/6/1909,-0.43
GISTEMP,6/6/1909,-0.52
GISTEMP,5/6/1909,-0.54
GISTEMP,4/6/1909,-0.59
GISTEMP,3/6/1909,-0.52
GISTEMP,2/6/1909,-0.47
GISTEMP,1/6/1909,-0.7
GISTEMP,12/6/1908,-0.5
GISTEMP,11/6/1908,-0.51
GISTEMP,10/6/1908,-0.43
GISTEMP,9/6/1908,-0.33
GISTEMP,8/6/1908,-0.45
GISTEMP,7/6/1908,-0.35
GISTEMP,6/6/1908,-0.39
GISTEMP,5/6/1908,-0.4
GISTEMP,4/6/1908,-0.46
GISTEMP,3/6/1908,-0.58
GISTEMP,2/6/1908,-0.36
GISTEMP,1/6/1908,-0.46
GISTEMP,12/6/1907,-0.5
GISTEMP,11/6/1907,-0.51
GISTEMP,10/6/1907,-0.24
GISTEMP,9/6/1907,-0.32
GISTEMP,8/6/1907,-0.37
GISTEMP,7/6/1907,-0.35
GISTEMP,6/6/1907,-0.43
GISTEMP,5/6/1907,-0.46
GISTEMP,4/6/1907,-0.4
GISTEMP,3/6/1907,-0.25
GISTEMP,2/6/1907,-0.53
GISTEMP,1/6/1907,-0.44
GISTEMP,12/6/1906,-0.18
GISTEMP,11/6/1906,-0.38
GISTEMP,10/6/1906,-0.2
GISTEMP,9/6/1906,-0.25
GISTEMP,8/6/1906,-0.19
GISTEMP,7/6/1906,-0.27
GISTEMP,6/6/1906,-0.22
GISTEMP,5/6/1906,-0.21
GISTEMP,4/6/1906,-0.02
GISTEMP,3/6/1906,-0.15
GISTEMP,2/6/1906,-0.34
GISTEMP,1/6/1906,-0.31
GISTEMP,12/6/1905,-0.21
GISTEMP,11/6/1905,-0.08
GISTEMP,10/6/1905,-0.23
GISTEMP,9/6/1905,-0.15
GISTEMP,8/6/1905,-0.21
GISTEMP,7/6/1905,-0.25
GISTEMP,6/6/1905,-0.31
GISTEMP,5/6/1905,-0.33
GISTEMP,4/6/1905,-0.36
GISTEMP,3/6/1905,-0.25
GISTEMP,2/6/1905,-0.59
GISTEMP,1/6/1905,-0.38
GISTEMP,12/6/1904,-0.29
GISTEMP,11/6/1904,-0.16
GISTEMP,10/6/1904,-0.35
GISTEMP,9/6/1904,-0.47
GISTEMP,8/6/1904,-0.43
GISTEMP,7/6/1904,-0.48
GISTEMP,6/6/1904,-0.49
GISTEMP,5/6/1904,-0.5
GISTEMP,4/6/1904,-0.5
GISTEMP,3/6/1904,-0.46
GISTEMP,2/6/1904,-0.55
GISTEMP,1/6/1904,-0.64
GISTEMP,12/6/1903,-0.47
GISTEMP,11/6/1903,-0.38
GISTEMP,10/6/1903,-0.42
GISTEMP,9/6/1903,-0.43
GISTEMP,8/6/1903,-0.44
GISTEMP,7/6/1903,-0.3
GISTEMP,6/6/1903,-0.44
GISTEMP,5/6/1903,-0.41
GISTEMP,4/6/1903,-0.39
GISTEMP,3/6/1903,-0.23
GISTEMP,2/6/1903,-0.06
GISTEMP,1/6/1903,-0.27
GISTEMP,12/6/1902,-0.46
GISTEMP,11/6/1902,-0.36
GISTEMP,10/6/1902,-0.27
GISTEMP,9/6/1902,-0.2
GISTEMP,8/6/1902,-0.28
GISTEMP,7/6/1902,-0.26
GISTEMP,6/6/1902,-0.34
GISTEMP,5/6/1902,-0.31
GISTEMP,4/6/1902,-0.27
GISTEMP,3/6/1902,-0.29
GISTEMP,2/6/1902,-0.03
GISTEMP,1/6/1902,-0.19
GISTEMP,12/6/1901,-0.3
GISTEMP,11/6/1901,-0.17
GISTEMP,10/6/1901,-0.29
GISTEMP,9/6/1901,-0.17
GISTEMP,8/6/1901,-0.13
GISTEMP,7/6/1901,-0.09
GISTEMP,6/6/1901,-0.1
GISTEMP,5/6/1901,-0.18
GISTEMP,4/6/1901,-0.06
GISTEMP,3/6/1901,0.05
GISTEMP,2/6/1901,-0.05
GISTEMP,1/6/1901,-0.3
GISTEMP,12/6/1900,-0.14
GISTEMP,11/6/1900,-0.13
GISTEMP,10/6/1900,0.08
GISTEMP,9/6/1900,0.01
GISTEMP,8/6/1900,-0.04
GISTEMP,7/6/1900,-0.09
GISTEMP,6/6/1900,-0.15
GISTEMP,5/6/1900,-0.06
GISTEMP,4/6/1900,-0.14
GISTEMP,3/6/1900,0.02
GISTEMP,2/6/1900,-0.08
GISTEMP,1/6/1900,-0.4
GISTEMP,1899-12-06,-0.27
GISTEMP,1899-11-06,0.12
GISTEMP,1899-10-06,0
GISTEMP,1899-09-06,0
GISTEMP,1899-08-06,-0.04
GISTEMP,1899-07-06,-0.13
GISTEMP,1899-06-06,-0.26
GISTEMP,1899-05-06,-0.2
GISTEMP,1899-04-06,-0.21
GISTEMP,1899-03-06,-0.35
GISTEMP,1899-02-06,-0.39
GISTEMP,1899-01-06,-0.18
GISTEMP,1898-12-06,-0.22
GISTEMP,1898-11-06,-0.35
GISTEMP,1898-10-06,-0.32
GISTEMP,1898-09-06,-0.19
GISTEMP,1898-08-06,-0.22
GISTEMP,1898-07-06,-0.22
GISTEMP,1898-06-06,-0.2
GISTEMP,1898-05-06,-0.35
GISTEMP,1898-04-06,-0.33
GISTEMP,1898-03-06,-0.55
GISTEMP,1898-02-06,-0.34
GISTEMP,1898-01-06,-0.06
GISTEMP,1897-12-06,-0.26
GISTEMP,1897-11-06,-0.18
GISTEMP,1897-10-06,-0.1
GISTEMP,1897-09-06,-0.04
GISTEMP,1897-08-06,-0.03
GISTEMP,1897-07-06,-0.04
GISTEMP,1897-06-06,-0.12
GISTEMP,1897-05-06,0
GISTEMP,1897-04-06,-0.01
GISTEMP,1897-03-06,-0.12
GISTEMP,1897-02-06,-0.19
GISTEMP,1897-01-06,-0.22
GISTEMP,1896-12-06,-0.12
GISTEMP,1896-11-06,-0.16
GISTEMP,1896-10-06,0.04
GISTEMP,1896-09-06,-0.05
GISTEMP,1896-08-06,-0.09
GISTEMP,1896-07-06,-0.06
GISTEMP,1896-06-06,-0.13
GISTEMP,1896-05-06,-0.19
GISTEMP,1896-04-06,-0.33
GISTEMP,1896-03-06,-0.29
GISTEMP,1896-02-06,-0.15
GISTEMP,1896-01-06,-0.23
GISTEMP,1895-12-06,-0.12
GISTEMP,1895-11-06,-0.15
GISTEMP,1895-10-06,-0.11
GISTEMP,1895-09-06,-0.02
GISTEMP,1895-08-06,-0.16
GISTEMP,1895-07-06,-0.16
GISTEMP,1895-06-06,-0.25
GISTEMP,1895-05-06,-0.23
GISTEMP,1895-04-06,-0.23
GISTEMP,1895-03-06,-0.3
GISTEMP,1895-02-06,-0.42
GISTEMP,1895-01-06,-0.44
GISTEMP,1894-12-06,-0.22
GISTEMP,1894-11-06,-0.25
GISTEMP,1894-10-06,-0.17
GISTEMP,1894-09-06,-0.23
GISTEMP,1894-08-06,-0.29
GISTEMP,1894-07-06,-0.32
GISTEMP,1894-06-06,-0.43
GISTEMP,1894-05-06,-0.3
GISTEMP,1894-04-06,-0.41
GISTEMP,1894-03-06,-0.2
GISTEMP,1894-02-06,-0.31
GISTEMP,1894-01-06,-0.55
GISTEMP,1893-12-06,-0.38
GISTEMP,1893-11-06,-0.17
GISTEMP,1893-10-06,-0.16
GISTEMP,1893-09-06,-0.18
GISTEMP,1893-08-06,-0.24
GISTEMP,1893-07-06,-0.14
GISTEMP,1893-06-06,-0.24
GISTEMP,1893-05-06,-0.35
GISTEMP,1893-04-06,-0.32
GISTEMP,1893-03-06,-0.24
GISTEMP,1893-02-06,-0.51
GISTEMP,1893-01-06,-0.69
GISTEMP,1892-12-06,-0.29
GISTEMP,1892-11-06,-0.49
GISTEMP,1892-10-06,-0.17
GISTEMP,1892-09-06,-0.25
GISTEMP,1892-08-06,-0.2
GISTEMP,1892-07-06,-0.28
GISTEMP,1892-06-06,-0.2
GISTEMP,1892-05-06,-0.25
GISTEMP,1892-04-06,-0.35
GISTEMP,1892-03-06,-0.36
GISTEMP,1892-02-06,-0.15
GISTEMP,1892-01-06,-0.26
GISTEMP,1891-12-06,-0.03
GISTEMP,1891-11-06,-0.37
GISTEMP,1891-10-06,-0.24
GISTEMP,1891-09-06,-0.13
GISTEMP,1891-08-06,-0.21
GISTEMP,1891-07-06,-0.22
GISTEMP,1891-06-06,-0.22
GISTEMP,1891-05-06,-0.17
GISTEMP,1891-04-06,-0.25
GISTEMP,1891-03-06,-0.15
GISTEMP,1891-02-06,-0.49
GISTEMP,1891-01-06,-0.46
GISTEMP,1890-12-06,-0.3
GISTEMP,1890-11-06,-0.37
GISTEMP,1890-10-06,-0.23
GISTEMP,1890-09-06,-0.36
GISTEMP,1890-08-06,-0.36
GISTEMP,1890-07-06,-0.3
GISTEMP,1890-06-06,-0.27
GISTEMP,1890-05-06,-0.48
GISTEMP,1890-04-06,-0.38
GISTEMP,1890-03-06,-0.41
GISTEMP,1890-02-06,-0.48
GISTEMP,1890-01-06,-0.48
GISTEMP,1889-12-06,-0.31
GISTEMP,1889-11-06,-0.32
GISTEMP,1889-10-06,-0.22
GISTEMP,1889-09-06,-0.18
GISTEMP,1889-08-06,-0.18
GISTEMP,1889-07-06,-0.05
GISTEMP,1889-06-06,-0.12
GISTEMP,1889-05-06,-0.03
GISTEMP,1889-04-06,0.04
GISTEMP,1889-03-06,0.04
GISTEMP,1889-02-06,0.14
GISTEMP,1889-01-06,-0.21
GISTEMP,1888-12-06,-0.12
GISTEMP,1888-11-06,0
GISTEMP,1888-10-06,0.01
GISTEMP,1888-09-06,-0.07
GISTEMP,1888-08-06,-0.11
GISTEMP,1888-07-06,-0.1
GISTEMP,1888-06-06,-0.2
GISTEMP,1888-05-06,-0.22
GISTEMP,1888-04-06,-0.28
GISTEMP,1888-03-06,-0.47
GISTEMP,1888-02-06,-0.43
GISTEMP,1888-01-06,-0.43
GISTEMP,1887-12-06,-0.38
GISTEMP,1887-11-06,-0.25
GISTEMP,1887-10-06,-0.32
GISTEMP,1887-09-06,-0.19
GISTEMP,1887-08-06,-0.28
GISTEMP,1887-07-06,-0.19
GISTEMP,1887-06-06,-0.21
GISTEMP,1887-05-06,-0.33
GISTEMP,1887-04-06,-0.37
GISTEMP,1887-03-06,-0.32
GISTEMP,1887-02-06,-0.48
GISTEMP,1887-01-06,-0.66
GISTEMP,1886-12-06,-0.25
GISTEMP,1886-11-06,-0.26
GISTEMP,1886-10-06,-0.25
GISTEMP,1886-09-06,-0.19
GISTEMP,1886-08-06,-0.31
GISTEMP,1886-07-06,-0.16
GISTEMP,1886-06-06,-0.39
GISTEMP,1886-05-06,-0.27
GISTEMP,1886-04-06,-0.29
GISTEMP,1886-03-06,-0.41
GISTEMP,1886-02-06,-0.46
GISTEMP,1886-01-06,-0.43
GISTEMP,1885-12-06,-0.07
GISTEMP,1885-11-06,-0.22
GISTEMP,1885-10-06,-0.2
GISTEMP,1885-09-06,-0.19
GISTEMP,1885-08-06,-0.27
GISTEMP,1885-07-06,-0.29
GISTEMP,1885-06-06,-0.5
GISTEMP,1885-05-06,-0.42
GISTEMP,1885-04-06,-0.45
GISTEMP,1885-03-06,-0.24
GISTEMP,1885-02-06,-0.3
GISTEMP,1885-01-06,-0.66
GISTEMP,1884-12-06,-0.3
GISTEMP,1884-11-06,-0.3
GISTEMP,1884-10-06,-0.22
GISTEMP,1884-09-06,-0.24
GISTEMP,1884-08-06,-0.27
GISTEMP,1884-07-06,-0.35
GISTEMP,1884-06-06,-0.38
GISTEMP,1884-05-06,-0.32
GISTEMP,1884-04-06,-0.36
GISTEMP,1884-03-06,-0.36
GISTEMP,1884-02-06,-0.13
GISTEMP,1884-01-06,-0.18
GISTEMP,1883-12-06,-0.19
GISTEMP,1883-11-06,-0.21
GISTEMP,1883-10-06,-0.12
GISTEMP,1883-09-06,-0.19
GISTEMP,1883-08-06,-0.14
GISTEMP,1883-07-06,-0.09
GISTEMP,1883-06-06,-0.13
GISTEMP,1883-05-06,-0.26
GISTEMP,1883-04-06,-0.25
GISTEMP,1883-03-06,-0.18
GISTEMP,1883-02-06,-0.42
GISTEMP,1883-01-06,-0.34
GISTEMP,1882-12-06,-0.25
GISTEMP,1882-11-06,-0.21
GISTEMP,1882-10-06,-0.23
GISTEMP,1882-09-06,-0.01
GISTEMP,1882-08-06,0.03
GISTEMP,1882-07-06,-0.11
GISTEMP,1882-06-06,-0.25
GISTEMP,1882-05-06,-0.18
GISTEMP,1882-04-06,-0.2
GISTEMP,1882-03-06,0.01
GISTEMP,1882-02-06,0.08
GISTEMP,1882-01-06,0.09
GISTEMP,1881-12-06,-0.16
GISTEMP,1881-11-06,-0.26
GISTEMP,1881-10-06,-0.2
GISTEMP,1881-09-06,-0.09
GISTEMP,1881-08-06,-0.03
GISTEMP,1881-07-06,-0.07
GISTEMP,1881-06-06,-0.28
GISTEMP,1881-05-06,-0.04
GISTEMP,1881-04-06,-0.03
GISTEMP,1881-03-06,0.01
GISTEMP,1881-02-06,-0.14
GISTEMP,1881-01-06,-0.1
GISTEMP,1880-12-06,-0.22
GISTEMP,1880-11-06,-0.19
GISTEMP,1880-10-06,-0.16
GISTEMP,1880-09-06,-0.17
GISTEMP,1880-08-06,-0.08
GISTEMP,1880-07-06,-0.24
GISTEMP,1880-06-06,-0.29
GISTEMP,1880-05-06,-0.14
GISTEMP,1880-04-06,-0.27
GISTEMP,1880-03-06,-0.18
GISTEMP,1880-02-06,-0.21
GISTEMP,1880-01-06,-0.3
